{
  "count": 2,
  "value": [
    {
      "variables": {
        "APPSERVICEPLAN": {
          "value": "mcwponazure-sp"
        },
        "CDN": {
          "value": "mcwponazure-cdn"
        },
        "KEYVAULT": {
          "value": "mcwponazure-kv"
        },
        "KVMYSQLPWD": {
          "value": "mysqladminpwd"
        },
        "LOCATION_SHARED": {
          "value": "westeurope"
        },
        "MYSQLSVR": {
          "value": "mcwponazure-mysql-svr"
        },
        "MYSQLUSER": {
          "value": "mysqladmin"
        },
        "RESOURCEGROUP_SHARED": {
          "value": "mcwponazure-rg"
        },
        "STORAGEACC": {
          "value": "mcwponazurest01"
        }
      },
      "id": "2",
      "type": "Vsts",
      "name": "Shared Resources",
      "isShared": false
    },
    {
      "variables": {
        "mysqladminpwd": {
          "enabled": true,
          "contentType": "",
          "value": null,
          "isSecret": true
        }
      },
      "id": "1",
      "type": "AzureKeyVault",
      "name": "Key Vault Secrets",
      "isShared": false
    }
  ]
}